id,area,price,bedrooms,bathrooms,furnished,sqm,building_age,contact_name,contact_phone
1,Jakarta Selatan,8000000,3,2,yes,39,4,Dewi Kurniawan,08228078673
2,Jakarta Selatan,8000000,1,1,yes,57,19,Budi Kurniawan,08368038374
3,Jakarta Pusat,15000000,3,2,yes,73,5,Lia Halim,08463608513
4,Jakarta Pusat,13000000,1,1,no,31,11,Nina Permata,08441728977
5,Jakarta Timur,4000000,2,1,no,78,20,Nina Permata,08352166941
6,Jakarta Selatan,11000000,2,1,yes,80,3,Eko Nugroho,08697120868
7,Jakarta Pusat,13000000,2,1,no,69,20,Andi Permata,08923871230
8,Jakarta Barat,6000000,1,2,no,42,20,Maya Halim,08184842788
9,Jakarta Selatan,13000000,2,2,yes,38,18,Fajar Lestari,08949375710
10,Jakarta Timur,10000000,1,2,yes,40,17,Hadi Permata,08657700828
11,Jakarta Utara,6000000,1,2,yes,73,1,Dewi Pratama,08913684052
12,Jakarta Timur,4000000,2,2,no,58,8,Budi Wijaya,08985476583
13,Jakarta Utara,4000000,2,2,yes,54,0,Hadi Kurniawan,08339517485
14,Jakarta Selatan,12000000,3,1,yes,48,5,Budi Permata,08529197443
15,Jakarta Selatan,9000000,2,2,yes,28,7,Andi Wijaya,08732161193
16,Jakarta Barat,5000000,1,2,yes,41,16,Lia Lestari,08804374754
17,Jakarta Utara,9000000,3,2,no,58,14,Dewi Lestari,08392074176
18,Jakarta Utara,3000000,3,1,yes,25,2,Sari Lestari,08191527021
19,Jakarta Utara,4000000,3,1,no,67,15,Agus Kurniawan,08278930103
20,Jakarta Pusat,15000000,2,1,yes,31,13,Nina Saputra,08638835373
21,Jakarta Selatan,9000000,1,2,no,76,3,Maya Lestari,08359997381
22,Jakarta Timur,5000000,2,1,no,54,7,Andi Anggraini,08812642635
23,Jakarta Selatan,8000000,1,1,yes,51,15,Rina Lestari,08621983738
24,Jakarta Pusat,14000000,1,2,no,75,14,Indah Saputra,08829164991
25,Jakarta Pusat,11000000,2,1,yes,62,17,Sari Halim,08181841248
26,Jakarta Barat,10000000,3,1,yes,57,2,Putri Wijaya,08872140194
27,Jakarta Pusat,14000000,1,1,yes,64,2,Lia Permata,08839770838
28,Jakarta Utara,7000000,1,2,yes,41,12,Rizki Nugroho,08696304573
29,Jakarta Selatan,8000000,2,1,yes,59,6,Hadi Pratama,08552154126
30,Jakarta Pusat,13000000,2,1,no,78,17,Indah Permata,08949874152
31,Jakarta Selatan,12000000,3,1,yes,41,3,Dewi Kurniawan,08305569244
32,Jakarta Utara,6000000,3,2,yes,68,20,Hadi Kurniawan,08735213115
33,Jakarta Selatan,9000000,3,2,no,27,0,Fajar Pratama,08925394880
34,Jakarta Pusat,15000000,3,2,yes,32,2,Rizki Kurniawan,08157194416
35,Jakarta Barat,5000000,2,1,yes,44,11,Sari Halim,08375186414
36,Jakarta Selatan,13000000,3,2,yes,40,5,Putri Saputra,08144009172
37,Jakarta Utara,9000000,3,1,no,35,3,Eko Santoso,08714731818
38,Jakarta Pusat,15000000,2,2,yes,39,0,Agus Saputra,08535674183
39,Jakarta Selatan,12000000,2,2,no,26,3,Hadi Pratama,08855453786
40,Jakarta Selatan,9000000,3,2,no,71,10,Lia Permata,08762940214
41,Jakarta Timur,6000000,2,1,no,25,16,Agus Halim,08662173965
42,Jakarta Utara,8000000,3,1,no,57,9,Lia Halim,08625960271
43,Jakarta Barat,5000000,1,2,no,68,5,Indah Saputra,08811006810
44,Jakarta Utara,7000000,1,2,no,54,14,Yusuf Lestari,08768938746
45,Jakarta Pusat,9000000,2,2,yes,77,7,Indah Lestari,08363472189
46,Jakarta Selatan,8000000,1,2,yes,54,13,Agus Saputra,08747705062
47,Jakarta Pusat,10000000,3,1,yes,74,13,Maya Pratama,08778793853
48,Jakarta Selatan,11000000,1,2,yes,76,14,Fajar Anggraini,08899468772
49,Jakarta Timur,10000000,1,2,no,41,7,Hadi Kurniawan,08735013879
50,Jakarta Utara,10000000,1,2,yes,42,10,Fajar Kurniawan,08213321531
51,Jakarta Pusat,11000000,2,1,yes,29,13,Lia Halim,08808816912
52,Jakarta Timur,3000000,1,2,no,74,18,Budi Permata,08599002392
53,Jakarta Selatan,13000000,2,2,no,59,17,Maya Anggraini,08395579094
54,Jakarta Timur,10000000,1,2,no,67,12,Putri Anggraini,08279961107
55,Jakarta Selatan,14000000,3,1,yes,66,13,Rizki Anggraini,08341843636
56,Jakarta Utara,9000000,2,1,no,45,10,Eko Nugroho,08645232413
57,Jakarta Selatan,15000000,1,1,no,39,20,Andi Santoso,08145148725
58,Jakarta Pusat,8000000,3,1,yes,33,15,Dewi Permata,08388801975
59,Jakarta Utara,8000000,1,1,yes,44,3,Budi Nugroho,08847296605
60,Jakarta Timur,6000000,1,1,yes,69,9,Dewi Permata,08166825112
61,Jakarta Barat,9000000,3,2,yes,57,20,Fajar Santoso,08649224219
62,Jakarta Selatan,14000000,2,2,yes,52,5,Hadi Permata,08799111742
63,Jakarta Timur,9000000,3,2,no,79,7,Andi Nugroho,08685091349
64,Jakarta Timur,9000000,2,1,no,79,10,Putri Anggraini,08386952975
65,Jakarta Utara,8000000,2,2,yes,58,6,Andi Lestari,08639196976
66,Jakarta Barat,6000000,3,2,no,53,0,Andi Nugroho,08397784725
67,Jakarta Pusat,12000000,3,2,no,60,16,Nina Saputra,08816549757
68,Jakarta Utara,10000000,2,2,no,39,3,Agus Halim,08269990305
69,Jakarta Pusat,11000000,1,2,no,71,18,Indah Wijaya,08355970190
70,Jakarta Pusat,13000000,1,2,yes,70,17,Rizki Nugroho,08161914794
71,Jakarta Barat,7000000,3,1,no,31,0,Indah Anggraini,08728389840
72,Jakarta Utara,5000000,1,2,no,32,2,Eko Anggraini,08201899411
73,Jakarta Pusat,10000000,3,2,yes,40,3,Lia Permata,08874786401
74,Jakarta Barat,9000000,2,2,no,80,18,Lia Nugroho,08832010496
75,Jakarta Barat,4000000,1,1,no,67,2,Putri Lestari,08332259379
76,Jakarta Pusat,8000000,2,2,no,43,1,Maya Nugroho,08478617381
77,Jakarta Selatan,11000000,2,1,no,32,17,Maya Pratama,08453386328
78,Jakarta Selatan,8000000,1,2,no,53,3,Yusuf Nugroho,08625567533
79,Jakarta Barat,10000000,2,1,yes,52,10,Hadi Santoso,08224840714
80,Jakarta Barat,3000000,3,2,yes,73,5,Rina Kurniawan,08948419378
81,Jakarta Utara,5000000,3,2,no,30,15,Nina Saputra,08536386463
82,Jakarta Selatan,10000000,2,2,no,43,12,Sari Anggraini,08226276722
83,Jakarta Utara,8000000,1,2,yes,67,17,Yusuf Saputra,08174147112
84,Jakarta Barat,8000000,3,2,no,73,1,Agus Nugroho,08813198037
85,Jakarta Utara,10000000,3,2,yes,26,20,Maya Pratama,08501229419
86,Jakarta Barat,9000000,1,1,yes,54,3,Rizki Anggraini,08489537455
87,Jakarta Utara,9000000,2,2,yes,54,17,Rizki Saputra,08359526867
88,Jakarta Pusat,9000000,2,2,no,75,16,Hadi Santoso,08476008935
89,Jakarta Barat,10000000,1,2,no,47,10,Eko Anggraini,08524165061
90,Jakarta Pusat,14000000,1,2,yes,45,15,Eko Saputra,08953551903
91,Jakarta Timur,3000000,1,2,yes,80,14,Dewi Kurniawan,08691257489
92,Jakarta Pusat,14000000,3,1,yes,55,8,Fajar Permata,08997668663
93,Jakarta Selatan,13000000,3,2,no,65,15,Sari Permata,08194938791
94,Jakarta Utara,6000000,3,1,no,31,20,Dewi Anggraini,08326024207
95,Jakarta Selatan,8000000,2,1,no,47,11,Lia Pratama,08429911492
96,Jakarta Timur,5000000,1,1,yes,64,12,Maya Anggraini,08853401116
97,Jakarta Pusat,15000000,3,2,no,41,0,Yusuf Nugroho,08973650391
98,Jakarta Selatan,15000000,2,2,no,69,8,Yusuf Nugroho,08367454081
99,Jakarta Timur,4000000,1,2,no,61,9,Indah Santoso,08957640518
100,Jakarta Utara,3000000,3,1,no,78,9,Maya Permata,08564674286
